baby,"('baby'),"
back,"('back'),"
background,"('background'),"
bacon,"('bacon'),"
bad,"('bad'),"
bag,"('bag'),"
bait,"('bait'),"
bake,"('bake'),"
balance,"('balance'),"
bald,"('bald'),"
ball,"('ball'),"
ballet,"('ballet'),"
ballot,"('ballot'),"
ban,"('ban'),"
banana,"('banana'),"
band,"('band'),"
bang,"('bang'),"
banish,"('banish'),"
bank,"('bank'),"
banner,"('banner'),"
banquet,"('banquet'),"
bar,"('bar'),"
bare,"('bare'),"
bargain,"('bargain'),"
bark,"('bark'),"
barrel,"('barrel'),"
barrier,"('barrier'),"
base,"('base'),"
baseball,"('baseball'),"
basic,"('basic'),"
basin,"('basin'),"
basis,"('basis'),"
basket,"('basket'),"
basketball,"('basketball'),"
bat,"('bat'),"
bathroom,"('bathroom'),"
bathtub,"('bathtub'),"
battery,"('battery'),"
battle,"('battle'),"
battlefield,"('battlefield'),"
bay,"('bay'),"
beach,"('beach'),"
beam,"('beam'),"
bean,"('bean'),"
bear,"('bear'),"
beard,"('beard'),"
beat,"('beat'),"
beautiful,"('beautiful'),"
bed,"('bed'),"
bedroom,"('bedroom'),"
bee,"('bee'),"
beef,"('beef'),"
beer,"('beer'),"
beg,"('beg'),"
begin,"('begin'),"
beginning,"('beginning'),"
behave,"('behave'),"
behavior,"('behavior'),"
behead,"('behead'),"
belief,"('belief'),"
bell,"('bell'),"
belly,"('belly'),"
belong,"('belong'),"
belt,"('belt'),"
bench,"('bench'),"
bend,"('bend'),"
beneficiary,"('beneficiary'),"
benefit,"('benefit'),"
berry,"('berry'),"
bet,"('bet'),"
betray,"('betray'),"
Bible,"('Bible'),"
bike,"('bike'),"
bill,"('bill'),"
bin,"('bin'),"
bind,"('bind'),"
biography,"('biography'),"
biology,"('biology'),"
bird,"('bird'),"
birthday,"('birthday'),"
biscuit,"('biscuit'),"
bishop,"('bishop'),"
bitch,"('bitch'),"
bite,"('bite'),"
bitter,"('bitter'),"
black,"('black'),"
blackmail,"('blackmail'),"
blade,"('blade'),"
blame,"('blame'),"
bland,"('bland'),"
blank,"('blank'),"
blast,"('blast'),"
bleed,"('bleed'),"
bless,"('bless'),"
blind,"('blind'),"
block,"('block'),"
blonde,"('blonde'),"
bloodshed,"('bloodshed'),"
bloody,"('bloody'),"
blow,"('blow'),"
blue,"('blue'),"
blue jean,"('blue jean'),"
board,"('board'),"
boat,"('boat'),"
body,"('body'),"
bold,"('bold'),"
bolt,"('bolt'),"
bomb,"('bomb'),"
bomber,"('bomber'),"
bond,"('bond'),"
book,"('book'),"
boom,"('boom'),"
boot,"('boot'),"
border,"('border'),"
borrow,"('borrow'),"
bother,"('bother'),"
bottle,"('bottle'),"
bottom,"('bottom'),"
bounce,"('bounce'),"
bow,"('bow'),"
bowel,"('bowel'),"
boy,"('boy'),"
bracket,"('bracket'),"
brag,"('brag'),"
braid,"('braid'),"
brain,"('brain'),"
brainstorm,"('brainstorm'),"
brake,"('brake'),"
branch,"('branch'),"
brand,"('brand'),"
brave,"('brave'),"
bread,"('bread'),"
break,"('break'),"
break down,"('break down'),"
break in,"('break in'),"
breakdown,"('breakdown'),"
breakfast,"('breakfast'),"
breast,"('breast'),"
breathe,"('breathe'),"
breed,"('breed'),"
breeze,"('breeze'),"
brick,"('brick'),"
bride,"('bride'),"
bridge,"('bridge'),"
brilliance,"('brilliance'),"
bring,"('bring'),"
brink,"('brink'),"
broadcast,"('broadcast'),"
broccoli,"('broccoli'),"
broken,"('broken'),"
bronze,"('bronze'),"
brother,"('brother'),"
brown,"('brown'),"
brush,"('brush'),"
bubble,"('bubble'),"
bucket,"('bucket'),"
budge,"('budge'),"
budget,"('budget'),"
buffet,"('buffet'),"
build,"('build'),"
building,"('building'),"
bulb,"('bulb'),"
bullet,"('bullet'),"
bulletin,"('bulletin'),"
bundle,"('bundle'),"
burial,"('burial'),"
burn,"('burn'),"
burst,"('burst'),"
bury,"('bury'),"
bus,"('bus'),"
bush,"('bush'),"
business,"('business'),"
butterfly,"('butterfly'),"
buttocks,"('buttocks'),"
button,"('button'),"
buy,"('buy'),"
